Question,Answer
How do I choose the right career path?,"Start by identifying your interests, strengths, and skills. Use career assessment tools or recommendation systems to explore matching fields."
Can I switch my career later?,"Yes, many professionals switch fields after gaining new skills. Continuous learning is key."
What are the top trending careers in AI and Data Science?,"Data Scientist, AI Engineer, Machine Learning Engineer, Business Analyst, and Cloud AI Specialist are currently in high demand."
How important are internships for career growth?,"Very important. Internships provide real-world exposure, hands-on skills, and networking opportunities."
What skills are required to become a Data Scientist?,"Python, statistics, machine learning, SQL, data visualization, and problem-solving skills."
Do I need a masterâ€™s degree for AI careers?,"Not always. Many entry-level AI/Data jobs value strong projects, certifications, and practical knowledge over formal degrees."
How can I improve my problem-solving ability?,"Practice coding challenges (LeetCode, HackerRank), work on real-world projects, and analyze case studies."
Which programming languages should I learn for AI?,"Python is the most widely used. R, Java, and Julia are also helpful depending on the specialization."
Will AI replace human jobs?,"AI will automate repetitive tasks but also create new jobs in AI development, data analysis, and human-AI collaboration."
What industries use AI the most?,"Healthcare, finance, education, manufacturing, and e-commerce are leading adopters."
Is AI only for tech students?,"No. AI is being applied in law, medicine, agriculture, business, and many other fields."
How do I stay motivated during my studies?,"Set small goals, track your progress, and connect with mentors or peers who share your interests."
Should I focus on theory or practicals?,"Both are important. Theory builds concepts, while practical projects show how to apply them."
How do I prepare for interviews in AI/Data Science?,"Revise core concepts (ML algorithms, SQL, Python), practice coding, and prepare real project stories to showcase your skills."
